_id,Nº/ANO,FATO,FATO AGRUPADO,DATA DO FATO,HORA DO FATO,UF,MUNICÍPIO,CÓDIGO IBGE,BAIRRO,SUBTIPO_ESTUPRO,TENTADO,ENVOLVE_VD,DESC_MEDIDA_PROTETIVA,ANO,MES
326,7842/2025 - DEPAC-CEPOL-CG,"DESTRUICAO, SUBTRACAO OU OCULTACAO DE CADAVER, VILIPENDIO A CADAVER, HOMICIDIO QUALIFICADO COM EMPREGO DE VENENO, FOGO, EXPLOSIVO, ASFIXIA, TORTURA OU OUTRO MEIO INSIDIOSO, HOMICIDIO QUALIFICADO PELA TRAICAO, DE EMBOSCADA, OU MEDIANTE DISSIMULACAO OU OUTRO RECURSO QUE DIFICULTE OU TORNE IMPOSSIVEL A DEFESA DO OFENDIDO, HOMICIDIO QUALIFICADO, PARA ASSEGURAR A EXECUCAO, A OCULTACAO, A IMPUNIDADE OU VANTAGEM DE OUTRO CRIME, ESTUPRO DE VULNERAVEL, SEQUESTRO E CARCERE PRIVADO, SE O CRIME É PRATICADO COM FINS LIBIDINOSOS","FATOS TIPICOS, FATOS TIPICOS, CRIMES VIOLENTOS LETAIS INTENCIONAIS, FATOS TIPICOS QUE RESULTAM EM MORTE, HOMICIDIO DOLOSO, PROJETO ACOLHIDA, FATOS TIPICOS, HOMICIDIO DOLOSO, CRIMES VIOLENTOS LETAIS INTENCIONAIS, PROJETO ACOLHIDA, FATOS TIPICOS, FATOS TIPICOS QUE RESULTAM EM MORTE, FATOS TIPICOS, PROJETO ACOLHIDA, CRIMES VIOLENTOS LETAIS INTENCIONAIS, HOMICIDIO DOLOSO, FATOS TIPICOS QUE RESULTAM EM MORTE, ESTUPRO DE VULNERÁVEL - ART. 217-A, FATOS TIPICOS, PEDOFILIA, ESTUPRO, FATOS TIPICOS, SEQUESTRO E CARCERE PRIVADO",27/08/2025,08:30:00,MS,Campo Grande,5002704,VILA CARVALHO,ESTUPRO,False,False,False,2025,8
350,552/2025 - DP-BELA VISTA,"DESTRUICAO, SUBTRACAO OU OCULTACAO DE CADAVER, ESTUPRO, FEMINICIDIO, VIOLENCIA DOMESTICA E FAMILIAR","FATOS TIPICOS, FATOS TIPICOS, ESTUPRO, CRIMES VIOLENTOS LETAIS INTENCIONAIS, FEMINICIDIO, PROJETO ACOLHIDA, FATOS TIPICOS, VIOLENCIA DOMESTICA",08/08/2025,19:00:00,MS,Bela Vista,5002100,,ESTUPRO,False,True,False,2025,8
381,460/2025 - DP-CAMAPUÃ,"MAUS TRATOS QUALIFICADO, SE O CRIME É PRATICADO CONTRA PESSOA MENOR DE 14 (QUATORZE) ANOS, ESTUPRO DE VULNERAVEL, SE DA CONDUTA RESULTA MORTE, ESTUPRO, A PENA É AUMENTADA DE METADE, SE O AGENTE É ASCENDENTE, PADRASTO OU MADRASTA, TIO, IRMÃO, CÔNJUGE, COMPANHEIRO, TUTOR, CURADOR, PRECEPTOR OU EMPREGADOR DA VÍTIMA OU POR QUALQUER OUTRO TITULO TEM AUTORIDADE SOBRE ELA","FATOS TIPICOS, MAUS-TRATOS, ESTUPRO DE VULNERÁVEL - ART. 217-A, PEDOFILIA, FATOS TIPICOS, CRIMES VIOLENTOS LETAIS INTENCIONAIS, ESTUPRO",09/07/2025,07:00:00,MS,Camapuã,5002605,VILA INDUSTRIAL,ESTUPRO,False,False,False,2025,7
1066,15/2024 - DEPAC-DDOS,"HOMICIDIO SIMPLES, ESTUPRO (VIOLENCIA DOMESTICA), LESAO CORPORAL, SE A LESAO FOR PRATICADA CONTRA A MULHER, POR RAZOES DA CONDIÇAO DO SEXO FEMININO (VIOLENCIA DOMESTICA)","FATOS TIPICOS, CRIMES VIOLENTOS LETAIS INTENCIONAIS, HOMICIDIO DOLOSO, FATOS TIPICOS QUE RESULTAM EM MORTE, PROJETO ACOLHIDA, ESTUPRO, FATOS TIPICOS, VIOLENCIA DOMESTICA, VIOLENCIA DOMESTICA, FATOS TIPICOS, DOS CRIMES CONTRA A PESSOA",01/01/2024,11:53:00,MS,Dourados,5003702,VILA INDUSTRIAL,ESTUPRO,False,True,False,2024,1
1095,8047/2023 - DEPAC-DDOS,"ESTUPRO, FEMINICIDIO, MENOSPREZO OU DISCRIMINAÇAO DE MULHER - REVOGADO","FATOS TIPICOS, ESTUPRO, FATOS TIPICOS, PROJETO ACOLHIDA, FEMINICIDIO, CRIMES VIOLENTOS LETAIS INTENCIONAIS",09/12/2023,07:00:00,MS,Dourados,5003702,,ESTUPRO (LEGISLAÇÃO REVOGADA),False,False,False,2023,12
1098,2423/2023 - DP-SIDROLANDIA,"ABANDONO DE INCAPAZ, SE O AGENTE É ASCENDENTE OU DESCENDENTE, CONJUGE, IRMAO, TUTOR OU CURADOR DA VITIMA, ESTUPRO DE VULNERAVEL, INCENDIO, SE PRATICADO EM CASA HABITADA OU DESTINADA A HABITAÇAO, HOMICIDIO CONTRA MENOR DE 14 (QUATORZE) ANOS, HOMICIDIO CONTRA MENOR DE 14 (QUATORZE) ANOS, NA FORMA TENTADA","ABANDONO DE INCAPAZ, FATOS TIPICOS, ESTUPRO DE VULNERÁVEL - ART. 217-A, FATOS TIPICOS, PEDOFILIA, ESTUPRO, FATOS TIPICOS, PROJETO ACOLHIDA, HOMICIDIO DOLOSO, CRIMES VIOLENTOS LETAIS INTENCIONAIS, HOMICIDIO DOLOSO NA FORMA TENTADA",08/12/2023,03:00:00,MS,Sidrolândia,5007901,SAO BENTO,ESTUPRO TENTADO,True,False,False,2023,12
1463,1240/2023 - DEPAC-DDOS,"FURTO, DESTRUICAO, SUBTRACAO OU OCULTACAO DE CADAVER, HOMICIDIO QUALIFICADO, PARA ASSEGURAR A EXECUCAO, A OCULTACAO, A IMPUNIDADE OU VANTAGEM DE OUTRO CRIME, ESTUPRO DE VULNERAVEL, SE DA CONDUTA RESULTA MORTE","FURTO, FATOS TIPICOS, FURTO (SEM ART. 155, § 3° DO CP), FATOS TIPICOS, FATOS TIPICOS, PROJETO ACOLHIDA, CRIMES VIOLENTOS LETAIS INTENCIONAIS, HOMICIDIO DOLOSO, FATOS TIPICOS QUE RESULTAM EM MORTE, ESTUPRO DE VULNERÁVEL - ART. 217-A, PEDOFILIA, FATOS TIPICOS, CRIMES VIOLENTOS LETAIS INTENCIONAIS, ESTUPRO",24/02/2023,22:30:00,MS,Douradina,5003504,VILA PLANALTO,ESTUPRO,False,False,False,2023,2
1499,1403/2023 - DEPAC-CENTRO-CG,"HOMICIDIO QUALIFICADO POR MOTIVO FUTIL, ESTUPRO DE VULNERAVEL","HOMICIDIO DOLOSO, FATOS TIPICOS QUE RESULTAM EM MORTE, CRIMES VIOLENTOS LETAIS INTENCIONAIS, PROJETO ACOLHIDA, FATOS TIPICOS, ESTUPRO DE VULNERÁVEL - ART. 217-A, FATOS TIPICOS, PEDOFILIA, ESTUPRO",26/01/2023,18:00:00,MS,Campo Grande,5002704,VILA NASSER,ESTUPRO,False,False,False,2023,1
1562,8113/2022 - 1DEAM,"ABANDONO DE INCAPAZ, SE DO FATO RESULTA A MORTE, ESTUPRO DE VULNERAVEL, HOMICIDIO DOLOSO MAJORADO, SE O CRIME É PRATICADO CONTRA PESSOA MENOR DE 14 (QUATORZE) OU MAIOR DE 60 (SESSENTA)","FATOS TIPICOS, FATOS TIPICOS QUE RESULTAM EM MORTE, ABANDONO DE INCAPAZ, ESTUPRO DE VULNERÁVEL - ART. 217-A, FATOS TIPICOS, PEDOFILIA, ESTUPRO, PROJETO ACOLHIDA, FATOS TIPICOS, HOMICIDIO DOLOSO, CRIMES VIOLENTOS LETAIS INTENCIONAIS",11/12/2022,23:17:00,MS,Campo Grande,5002704,VILA NOSSA SENHORA DAS GRACAS,ESTUPRO MAJORADO,False,False,False,2022,12
1604,7406/2022 - 1DEAM,"ESTUPRO (VIOLENCIA DOMESTICA), FEMINICIDIO - REVOGADO","ESTUPRO, FATOS TIPICOS, VIOLENCIA DOMESTICA, FEMINICIDIO, CRIMES VIOLENTOS LETAIS INTENCIONAIS, PROJETO ACOLHIDA, FATOS TIPICOS",13/11/2022,03:00:00,MS,Campo Grande,5002704,JARDIM CENTRO OESTE,ESTUPRO (LEGISLAÇÃO REVOGADA),False,True,False,2022,11
1812,742/2022 - 4DP-CG,"ESTUPRO, SE DA CONDUTA RESULTA LESAO CORPORAL DE NATUREZA GRAVE OU SE A VITIMA É MENOR DE 18 (DEZOITO) OU MAIOR DE 14 (CATORZE) ANOS, FEMINICIDIO - REVOGADO","PEDOFILIA, FATOS TIPICOS, ESTUPRO, FEMINICIDIO, CRIMES VIOLENTOS LETAIS INTENCIONAIS, PROJETO ACOLHIDA, FATOS TIPICOS",06/06/2022,14:00:00,MS,Campo Grande,5002704,TIRADENTES,ESTUPRO (LEGISLAÇÃO REVOGADA),False,False,False,2022,6
1848,594/2022 - DP-COSTA RICA,"HOMICIDIO SIMPLES NA FORMA TENTADA, HOMICIDIO QUALIFICADO PELA TRAICAO, DE EMBOSCADA, OU MEDIANTE DISSIMULACAO OU OUTRO RECURSO QUE DIFICULTE OU TORNE IMPOSSIVEL A DEFESA DO OFENDIDO, ESTUPRO DE VULNERAVEL, CORROMPER OU FACILITAR A CORRUPCAO DE MENOR DE 18 (DEZOITO) ANOS, COM ELE PRATICANDO INFRACAO PENAL OU INDUZINDO-O A PRATICA-LA","HOMICIDIO DOLOSO NA FORMA TENTADA, FATOS TIPICOS, HOMICIDIO DOLOSO, CRIMES VIOLENTOS LETAIS INTENCIONAIS, PROJETO ACOLHIDA, FATOS TIPICOS, FATOS TIPICOS QUE RESULTAM EM MORTE, ESTUPRO DE VULNERÁVEL - ART. 217-A, FATOS TIPICOS, PEDOFILIA, ESTUPRO, CORRUPCAO DE MENOR, FATOS TIPICOS",09/05/2022,03:00:00,MS,Costa Rica,5003256,CENTRO,ESTUPRO TENTADO,True,False,False,2022,5
1892,214/2022 - DAM-TRÊS LAGOAS,"FURTO, ESTUPRO, FEMINICIDIO, MENOSPREZO OU DISCRIMINAÇAO DE MULHER - REVOGADO","FURTO, FATOS TIPICOS, FURTO (SEM ART. 155, § 3° DO CP), FATOS TIPICOS, ESTUPRO, FATOS TIPICOS, PROJETO ACOLHIDA, FEMINICIDIO, CRIMES VIOLENTOS LETAIS INTENCIONAIS",07/04/2022,08:00:00,MS,Três Lagoas,5008305,,ESTUPRO (LEGISLAÇÃO REVOGADA),False,False,False,2022,4
1906,179/2022 - DP-SONORA,"HOMICIDIO SIMPLES, ESTUPRO","FATOS TIPICOS, CRIMES VIOLENTOS LETAIS INTENCIONAIS, HOMICIDIO DOLOSO, FATOS TIPICOS QUE RESULTAM EM MORTE, PROJETO ACOLHIDA, FATOS TIPICOS, ESTUPRO",24/03/2022,00:00:00,MS,Sonora,5007935,,ESTUPRO,False,False,False,2022,3
1910,218/2022 - DP-AGUA CLARA,"LESAO CORPORAL DOLOSA, HOMICIDIO SIMPLES NA FORMA TENTADA, HOMICIDIO QUALIFICADO MEDIANTE PAGA OU PROMESSA DE RECOMPENSA, OU POR OUTRO MOTIVO TORPE, HOMICIDIO QUALIFICADO, PARA ASSEGURAR A EXECUCAO, A OCULTACAO, A IMPUNIDADE OU VANTAGEM DE OUTRO CRIME, ESTUPRO DE VULNERAVEL","LESAO CORPORAL DOLOSA, FATOS TIPICOS, HOMICIDIO DOLOSO NA FORMA TENTADA, FATOS TIPICOS, FATOS TIPICOS QUE RESULTAM EM MORTE, PROJETO ACOLHIDA, FATOS TIPICOS, CRIMES VIOLENTOS LETAIS INTENCIONAIS, HOMICIDIO DOLOSO, FATOS TIPICOS, PROJETO ACOLHIDA, CRIMES VIOLENTOS LETAIS INTENCIONAIS, HOMICIDIO DOLOSO, FATOS TIPICOS QUE RESULTAM EM MORTE, ESTUPRO DE VULNERÁVEL - ART. 217-A, FATOS TIPICOS, PEDOFILIA, ESTUPRO",20/03/2022,22:00:00,MS,Água Clara,5000203,JARDIM DAS PALMEIRAS,ESTUPRO TENTADO,True,False,False,2022,3
1993,25/2022 - DP-BANDEIRANTES,"DESTRUICAO, SUBTRACAO OU OCULTACAO DE CADAVER, ESTUPRO, FEMINICIDIO - REVOGADO","FATOS TIPICOS, FATOS TIPICOS, ESTUPRO, FEMINICIDIO, CRIMES VIOLENTOS LETAIS INTENCIONAIS, PROJETO ACOLHIDA, FATOS TIPICOS",22/01/2022,18:00:00,MS,Bandeirantes,5001508,JARDIM SANTA MADALENA,ESTUPRO (LEGISLAÇÃO REVOGADA),False,False,False,2022,1
2033,357/2021 - DP-SETE QUEDAS,"LESAO CORPORAL DOLOSA (VIOLENCIA DOMESTICA), ESTUPRO (VIOLENCIA DOMESTICA), LESAO CORPORAL SEGUIDA DE MORTE (VIOLENCIA DOMESTICA)","DOS CRIMES CONTRA A PESSOA, LESAO CORPORAL DOLOSA, VIOLENCIA DOMESTICA, FATOS TIPICOS, ESTUPRO, FATOS TIPICOS, VIOLENCIA DOMESTICA, LESAO CORPORAL DOLOSA, VIOLENCIA DOMESTICA, FATOS TIPICOS, CRIMES VIOLENTOS LETAIS INTENCIONAIS",25/12/2021,22:00:00,MS,Sete Quedas,5007703,,ESTUPRO,False,True,False,2021,12
2222,3506/2021 - DEPAC-DDOS,"DESTRUICAO, SUBTRACAO OU OCULTACAO DE CADAVER, HOMICIDIO QUALIFICADO COM EMPREGO DE VENENO, FOGO, EXPLOSIVO, ASFIXIA, TORTURA OU OUTRO MEIO INSIDIOSO, ESTUPRO DE VULNERAVEL","FATOS TIPICOS, CRIMES VIOLENTOS LETAIS INTENCIONAIS, FATOS TIPICOS QUE RESULTAM EM MORTE, HOMICIDIO DOLOSO, PROJETO ACOLHIDA, FATOS TIPICOS, ESTUPRO DE VULNERÁVEL - ART. 217-A, FATOS TIPICOS, PEDOFILIA, ESTUPRO",18/08/2021,18:30:00,MS,Dourados,5003702,,ESTUPRO,False,False,False,2021,8
2235,3297/2021 - DEPAC-DDOS,"HOMICIDIO QUALIFICADO PELA TRAICAO, DE EMBOSCADA, OU MEDIANTE DISSIMULACAO OU OUTRO RECURSO QUE DIFICULTE OU TORNE IMPOSSIVEL A DEFESA DO OFENDIDO, HOMICIDIO QUALIFICADO, PARA ASSEGURAR A EXECUCAO, A OCULTACAO, A IMPUNIDADE OU VANTAGEM DE OUTRO CRIME, ESTUPRO DE VULNERAVEL, FEMINICIDIO - REVOGADO","HOMICIDIO DOLOSO, CRIMES VIOLENTOS LETAIS INTENCIONAIS, PROJETO ACOLHIDA, FATOS TIPICOS, FATOS TIPICOS QUE RESULTAM EM MORTE, FATOS TIPICOS, PROJETO ACOLHIDA, CRIMES VIOLENTOS LETAIS INTENCIONAIS, HOMICIDIO DOLOSO, FATOS TIPICOS QUE RESULTAM EM MORTE, ESTUPRO DE VULNERÁVEL - ART. 217-A, FATOS TIPICOS, PEDOFILIA, ESTUPRO, FEMINICIDIO, CRIMES VIOLENTOS LETAIS INTENCIONAIS, PROJETO ACOLHIDA, FATOS TIPICOS",09/08/2021,08:40:00,MS,Dourados,5003702,,ESTUPRO (LEGISLAÇÃO REVOGADA),False,False,False,2021,8
2297,3530/2021 - 1DEAM,"HOMICIDIO SIMPLES, ESTUPRO DE VULNERAVEL","FATOS TIPICOS, CRIMES VIOLENTOS LETAIS INTENCIONAIS, HOMICIDIO DOLOSO, FATOS TIPICOS QUE RESULTAM EM MORTE, PROJETO ACOLHIDA, ESTUPRO DE VULNERÁVEL - ART. 217-A, FATOS TIPICOS, PEDOFILIA, ESTUPRO",22/06/2021,16:30:00,MS,Campo Grande,5002704,VILA BANDEIRANTE,ESTUPRO,False,False,False,2021,6
2581,1293/2020 - 3DP-TRES LAGOAS,"VILIPENDIO A CADAVER, HOMICIDIO QUALIFICADO MEDIANTE PAGA OU PROMESSA DE RECOMPENSA, OU POR OUTRO MOTIVO TORPE, HOMICIDIO QUALIFICADO, PARA ASSEGURAR A EXECUCAO, A OCULTACAO, A IMPUNIDADE OU VANTAGEM DE OUTRO CRIME, ESTUPRO, HOMICIDIO QUALIFICADO PELA TRAICAO, DE EMBOSCADA, OU MEDIANTE DISSIMULACAO OU OUTRO RECURSO QUE DIFICULTE OU TORNE IMPOSSIVEL A DEFESA DO OFENDIDO, NA FORMA TENTADA","FATOS TIPICOS, FATOS TIPICOS QUE RESULTAM EM MORTE, PROJETO ACOLHIDA, FATOS TIPICOS, CRIMES VIOLENTOS LETAIS INTENCIONAIS, HOMICIDIO DOLOSO, FATOS TIPICOS, PROJETO ACOLHIDA, CRIMES VIOLENTOS LETAIS INTENCIONAIS, HOMICIDIO DOLOSO, FATOS TIPICOS QUE RESULTAM EM MORTE, FATOS TIPICOS, ESTUPRO, HOMICIDIO DOLOSO NA FORMA TENTADA, FATOS TIPICOS",19/11/2020,15:30:00,MS,Três Lagoas,5008305,,ESTUPRO TENTADO,True,False,False,2020,11
2884,226/2020 - DP-BRASILANDIA,"DESTRUICAO, SUBTRACAO OU OCULTACAO DE CADAVER, HOMICIDIO QUALIFICADO COM EMPREGO DE VENENO, FOGO, EXPLOSIVO, ASFIXIA, TORTURA OU OUTRO MEIO INSIDIOSO, ESTUPRO DE VULNERAVEL, CORROMPER OU FACILITAR A CORRUPCAO DE MENOR DE 18 (DEZOITO) ANOS, COM ELE PRATICANDO INFRACAO PENAL OU INDUZINDO-O A PRATICA-LA","FATOS TIPICOS, CRIMES VIOLENTOS LETAIS INTENCIONAIS, FATOS TIPICOS QUE RESULTAM EM MORTE, HOMICIDIO DOLOSO, PROJETO ACOLHIDA, FATOS TIPICOS, ESTUPRO DE VULNERÁVEL - ART. 217-A, FATOS TIPICOS, PEDOFILIA, ESTUPRO, CORRUPCAO DE MENOR, FATOS TIPICOS",22/03/2020,01:00:00,MS,Brasilândia,5002308,,ESTUPRO,False,False,False,2020,3
3004,6862/2019 - DEPAC-DDOS,"HOMICIDIO SIMPLES, DESTRUICAO, SUBTRACAO OU OCULTACAO DE CADAVER, HOMICIDIO QUALIFICADO POR MOTIVO FUTIL, ESTUPRO, FEMINICIDIO - REVOGADO","FATOS TIPICOS, CRIMES VIOLENTOS LETAIS INTENCIONAIS, HOMICIDIO DOLOSO, FATOS TIPICOS QUE RESULTAM EM MORTE, PROJETO ACOLHIDA, FATOS TIPICOS, HOMICIDIO DOLOSO, FATOS TIPICOS QUE RESULTAM EM MORTE, CRIMES VIOLENTOS LETAIS INTENCIONAIS, PROJETO ACOLHIDA, FATOS TIPICOS, FATOS TIPICOS, ESTUPRO, FEMINICIDIO, CRIMES VIOLENTOS LETAIS INTENCIONAIS, PROJETO ACOLHIDA, FATOS TIPICOS",23/12/2019,17:25:00,MS,Dourados,5003702,PARQUE ALVORADA,ESTUPRO (LEGISLAÇÃO REVOGADA),False,False,False,2019,12
3134,1453/2019 - DP-MARACAJU,"HOMICIDIO SIMPLES, DESTRUICAO, SUBTRACAO OU OCULTACAO DE CADAVER, ESTUPRO","FATOS TIPICOS, CRIMES VIOLENTOS LETAIS INTENCIONAIS, HOMICIDIO DOLOSO, FATOS TIPICOS QUE RESULTAM EM MORTE, PROJETO ACOLHIDA, FATOS TIPICOS, FATOS TIPICOS, ESTUPRO",07/09/2019,15:20:00,MS,Maracaju,5005400,,ESTUPRO,False,False,False,2019,9
3144,3621/2019 - DEPAC-DDOS,"ESTUPRO, SE DA CONDUTA RESULTA MORTE, ESTUPRO COLETIVO","FATOS TIPICOS QUE RESULTAM EM MORTE, ESTUPRO, FATOS TIPICOS, CRIMES VIOLENTOS LETAIS INTENCIONAIS, FATOS TIPICOS",01/09/2019,02:00:00,MS,Dourados,5003702,,ESTUPRO,False,False,False,2019,9
3181,470/2019 - DP-SONORA,"HOMICIDIO QUALIFICADO COM EMPREGO DE VENENO, FOGO, EXPLOSIVO, ASFIXIA, TORTURA OU OUTRO MEIO INSIDIOSO, ESTUPRO DE VULNERAVEL","CRIMES VIOLENTOS LETAIS INTENCIONAIS, FATOS TIPICOS QUE RESULTAM EM MORTE, HOMICIDIO DOLOSO, PROJETO ACOLHIDA, FATOS TIPICOS, ESTUPRO DE VULNERÁVEL - ART. 217-A, FATOS TIPICOS, PEDOFILIA, ESTUPRO",31/07/2019,22:00:00,MS,Sonora,5007935,CENTRO,ESTUPRO,False,False,False,2019,7
3192,2131/2019 - 1DP-NOVA ANDRADINA,"ESTUPRO, SE DA CONDUTA RESULTA MORTE","FATOS TIPICOS QUE RESULTAM EM MORTE, ESTUPRO, FATOS TIPICOS, CRIMES VIOLENTOS LETAIS INTENCIONAIS",19/07/2019,03:00:00,MS,Nova Andradina,5006200,RESIDENCIAL PORTAL DO PARQUE,ESTUPRO,False,False,False,2019,7
3243,3453/2019 - 1DEAM,"ESTUPRO (VIOLENCIA DOMESTICA), HOMICIDIO QUALIFICADO COM EMPREGO DE VENENO, FOGO, EXPLOSIVO, ASFIXIA, TORTURA OU OUTRO MEIO INSIDIOSO, NA FORMA TENTADA, FEMINICIDIO, VIOLENCIA DOMESTICA E FAMILIAR REVOGADO, FEMINICIDIO, VIOLENCIA DOMESTICA E FAMILIAR, NA FORMA TENTADA REVOGADO","ESTUPRO, FATOS TIPICOS, VIOLENCIA DOMESTICA, FATOS TIPICOS, HOMICIDIO DOLOSO NA FORMA TENTADA, FEMINICIDIO, VIOLENCIA DOMESTICA, FATOS TIPICOS, PROJETO ACOLHIDA, CRIMES VIOLENTOS LETAIS INTENCIONAIS, VIOLENCIA DOMESTICA, FATOS TIPICOS, FEMINICIDIO NA FORMA TENTADA",11/06/2019,03:30:00,MS,Campo Grande,5002704,JARDIM BALSAMO,ESTUPRO TENTADO,True,True,False,2019,6
3250,2685/2019 - 1DP-DOURADOS,"HOMICIDIO SIMPLES, HOMICIDIO QUALIFICADO PELA TRAICAO, DE EMBOSCADA, OU MEDIANTE DISSIMULACAO OU OUTRO RECURSO QUE DIFICULTE OU TORNE IMPOSSIVEL A DEFESA DO OFENDIDO, HOMICIDIO QUALIFICADO, PARA ASSEGURAR A EXECUCAO, A OCULTACAO, A IMPUNIDADE OU VANTAGEM DE OUTRO CRIME, ESTUPRO, HOMICIDIO DOLOSO, SE O CRIME É PRATICADO EM CONCURSO DE DUAS OU MAIS PESSOAS","FATOS TIPICOS, CRIMES VIOLENTOS LETAIS INTENCIONAIS, HOMICIDIO DOLOSO, FATOS TIPICOS QUE RESULTAM EM MORTE, PROJETO ACOLHIDA, HOMICIDIO DOLOSO, CRIMES VIOLENTOS LETAIS INTENCIONAIS, PROJETO ACOLHIDA, FATOS TIPICOS, FATOS TIPICOS QUE RESULTAM EM MORTE, FATOS TIPICOS, PROJETO ACOLHIDA, CRIMES VIOLENTOS LETAIS INTENCIONAIS, HOMICIDIO DOLOSO, FATOS TIPICOS QUE RESULTAM EM MORTE, FATOS TIPICOS, ESTUPRO, FATOS TIPICOS, PROJETO ACOLHIDA, CRIMES VIOLENTOS LETAIS INTENCIONAIS, HOMICIDIO DOLOSO",06/06/2019,20:00:00,MS,Dourados,5003702,ALDEIA BORORO,ESTUPRO,False,False,False,2019,6
3395,228/2019 - DP-AMAMBAI,"MORTE POR CAUSA INDETERMINADA (SEM INDICIO DE CRIME), VENDER, FORNECER, SERVIR, MINISTRAR OU ENTREGAR, AINDA QUE GRATUITAMENTE, DE QUALQUER FORMA, A CRIANÇA OU ADOLESCENTE, BEBIDA ALCOOLICA OU, SEM JUSTA CAUSA, OUTROS PRODUTOS CUJOS COMPONENTES POSSAM CAUSAR DEPENDENCIA FISICA OU PSIQUICA, ESTUPRO DE VULNERAVEL, SE DA CONDUTA RESULTA MORTE, ESTUPRO COLETIVO","MORTE DECORRENTE DE FATO ATIPICO, FATOS ATIPICOS, FATOS TIPICOS, ESTUPRO DE VULNERÁVEL - ART. 217-A, PEDOFILIA, FATOS TIPICOS, CRIMES VIOLENTOS LETAIS INTENCIONAIS, ESTUPRO, FATOS TIPICOS",07/02/2019,21:00:00,MS,Amambai,5000609,,ESTUPRO,False,False,False,2019,2
3571,3641/2018 - DEPAC-DDOS,"ROUBO QUALIFICADO, SE DA VIOLENCIA RESULTA MORTE, TRAFICO DE DROGAS, RELACIONADO A INDUZIR, INSTIGAR OU AUXILIAR ALGUEM AO USO INDEVIDO DE DROGA, ESTUPRO, FRAUDE PROCESSUAL, SE A INOVAÇAO SE DESTINA A PRODUZIR EFEITO EM PROCESSO PENAL, AINDA QUE NAO INICIADO, AS PENAS APLICAM-SE EM DOBRO","FATOS TIPICOS, CRIMES VIOLENTOS LETAIS INTENCIONAIS, ROUBO, FATOS TIPICOS QUE RESULTAM EM MORTE, FATOS TIPICOS, DROGAS, FATOS TIPICOS, ESTUPRO, FATOS TIPICOS",21/09/2018,22:00:00,MS,Dourados,5003702,PARQUE RESIDENCIAL PELICANO,ESTUPRO,False,False,False,2018,9
3721,3178/2018 - 1DEAM,"ESTUPRO, FEMINICIDIO - REVOGADO","FATOS TIPICOS, ESTUPRO, FEMINICIDIO, CRIMES VIOLENTOS LETAIS INTENCIONAIS, PROJETO ACOLHIDA, FATOS TIPICOS",31/05/2018,14:30:00,MS,Campo Grande,5002704,JARDIM TIJUCA,ESTUPRO (LEGISLAÇÃO REVOGADA),False,False,False,2018,5
3945,1972/2017 - DP-MUNDO NOVO,"HOMICIDIO QUALIFICADO COM EMPREGO DE VENENO, FOGO, EXPLOSIVO, ASFIXIA, TORTURA OU OUTRO MEIO INSIDIOSO, ESTUPRO DE VULNERAVEL, QUANDO PRATICADO COM ALGUEM QUE, POR ENFERMIDADE OU DEFICIENCIA MENTAL, NAO TEM O NECESSARIO DISCERNIMENTO PARA A PRATICA DO ATO, OU QUE, POR QUALQUER OUTRA CAUSA, NAO PODE OFERECER RESISTENCIA","CRIMES VIOLENTOS LETAIS INTENCIONAIS, FATOS TIPICOS QUE RESULTAM EM MORTE, HOMICIDIO DOLOSO, PROJETO ACOLHIDA, FATOS TIPICOS, ESTUPRO, FATOS TIPICOS, ESTUPRO DE VULNERÁVEL - ART. 217-A, PEDOFILIA",30/12/2017,07:40:00,MS,Japorã,5004809,ZONA RURAL,ESTUPRO,False,False,False,2017,12
4209,10282/2017 - DEPAC-CENTRO-CG,"RECEPTAÇAO, ASSOCIACAO CRIMINOSA, ROUBO QUALIFICADO, SE DA VIOLENCIA RESULTA MORTE, ESTUPRO, MORTE DECORRENTE DE INTERVENCAO LEGAL DE AGENTE DO ESTADO","RECEPTAÇAO, FATOS TIPICOS, FATOS TIPICOS, FATOS TIPICOS, CRIMES VIOLENTOS LETAIS INTENCIONAIS, ROUBO, FATOS TIPICOS QUE RESULTAM EM MORTE, FATOS TIPICOS, ESTUPRO, FATOS TIPICOS",18/07/2017,16:00:00,MS,Campo Grande,5002704,CONJUNTO JOSE ABRAO,ESTUPRO,False,False,False,2017,7
4248,926/2017 - DEPCA,"DESTRUICAO, SUBTRACAO OU OCULTACAO DE CADAVER, ESTUPRO DE VULNERAVEL, SE DA CONDUTA RESULTA MORTE","FATOS TIPICOS, ESTUPRO DE VULNERÁVEL - ART. 217-A, PEDOFILIA, FATOS TIPICOS, CRIMES VIOLENTOS LETAIS INTENCIONAIS, ESTUPRO",26/06/2017,01:00:00,MS,Campo Grande,5002704,COOPHAVILA II,ESTUPRO,False,False,False,2017,6
4307,1840/2017 - 1DP-PONTA PORÃ,"HOMICIDIO QUALIFICADO COM EMPREGO DE VENENO, FOGO, EXPLOSIVO, ASFIXIA, TORTURA OU OUTRO MEIO INSIDIOSO, ESTUPRO DE VULNERAVEL, QUANDO PRATICADO COM ALGUEM QUE, POR ENFERMIDADE OU DEFICIENCIA MENTAL, NAO TEM O NECESSARIO DISCERNIMENTO PARA A PRATICA DO ATO, OU QUE, POR QUALQUER OUTRA CAUSA, NAO PODE OFERECER RESISTENCIA","CRIMES VIOLENTOS LETAIS INTENCIONAIS, FATOS TIPICOS QUE RESULTAM EM MORTE, HOMICIDIO DOLOSO, PROJETO ACOLHIDA, FATOS TIPICOS, ESTUPRO, FATOS TIPICOS, ESTUPRO DE VULNERÁVEL - ART. 217-A, PEDOFILIA",16/05/2017,10:00:00,MS,Ponta Porã,5006606,JARDIM MONTE ALTO,ESTUPRO,False,False,False,2017,5
4521,14/2017 - 1DP-JARDIM,"DESTRUICAO, SUBTRACAO OU OCULTACAO DE CADAVER, HOMICIDIO QUALIFICADO POR MOTIVO FUTIL, ESTUPRO DE VULNERAVEL, HOMICIDIO DOLOSO MAJORADO, SE O CRIME É PRATICADO CONTRA PESSOA MENOR DE 14 (QUATORZE) OU MAIOR DE 60 (SESSENTA), HOMICIDIO DOLOSO, SE O CRIME É PRATICADO EM CONCURSO DE DUAS OU MAIS PESSOAS","FATOS TIPICOS, HOMICIDIO DOLOSO, FATOS TIPICOS QUE RESULTAM EM MORTE, CRIMES VIOLENTOS LETAIS INTENCIONAIS, PROJETO ACOLHIDA, FATOS TIPICOS, ESTUPRO DE VULNERÁVEL - ART. 217-A, FATOS TIPICOS, PEDOFILIA, ESTUPRO, PROJETO ACOLHIDA, FATOS TIPICOS, HOMICIDIO DOLOSO, CRIMES VIOLENTOS LETAIS INTENCIONAIS, FATOS TIPICOS, PROJETO ACOLHIDA, CRIMES VIOLENTOS LETAIS INTENCIONAIS, HOMICIDIO DOLOSO",02/01/2017,08:00:00,MS,Jardim,5005004,CENTRO,ESTUPRO MAJORADO,False,False,False,2017,1
4525,14/2016 - 1DP-JARDIM,"DESTRUICAO, SUBTRACAO OU OCULTACAO DE CADAVER, HOMICIDIO QUALIFICADO POR MOTIVO FUTIL, ESTUPRO DE VULNERAVEL, HOMICIDIO DOLOSO MAJORADO, SE O CRIME É PRATICADO CONTRA PESSOA MENOR DE 14 (QUATORZE) OU MAIOR DE 60 (SESSENTA), HOMICIDIO DOLOSO, SE O CRIME É PRATICADO EM CONCURSO DE DUAS OU MAIS PESSOAS","FATOS TIPICOS, HOMICIDIO DOLOSO, FATOS TIPICOS QUE RESULTAM EM MORTE, CRIMES VIOLENTOS LETAIS INTENCIONAIS, PROJETO ACOLHIDA, FATOS TIPICOS, ESTUPRO DE VULNERÁVEL - ART. 217-A, FATOS TIPICOS, PEDOFILIA, ESTUPRO, PROJETO ACOLHIDA, FATOS TIPICOS, HOMICIDIO DOLOSO, CRIMES VIOLENTOS LETAIS INTENCIONAIS, FATOS TIPICOS, PROJETO ACOLHIDA, CRIMES VIOLENTOS LETAIS INTENCIONAIS, HOMICIDIO DOLOSO",31/12/2016,19:00:00,MS,Jardim,5005004,CENTRO,ESTUPRO MAJORADO,False,False,False,2016,12
4598,989/2016 - DP-TERENOS,"DESTRUICAO, SUBTRACAO OU OCULTACAO DE CADAVER, HOMICIDIO QUALIFICADO, PARA ASSEGURAR A EXECUCAO, A OCULTACAO, A IMPUNIDADE OU VANTAGEM DE OUTRO CRIME, ESTUPRO","FATOS TIPICOS, FATOS TIPICOS, PROJETO ACOLHIDA, CRIMES VIOLENTOS LETAIS INTENCIONAIS, HOMICIDIO DOLOSO, FATOS TIPICOS QUE RESULTAM EM MORTE, FATOS TIPICOS, ESTUPRO",22/11/2016,08:00:00,MS,Terenos,5008008,,ESTUPRO,False,False,False,2016,11
4929,850/2016 - DP-IVINHEMA,"HOMICIDIO SIMPLES, ESTUPRO DE VULNERAVEL","FATOS TIPICOS, CRIMES VIOLENTOS LETAIS INTENCIONAIS, HOMICIDIO DOLOSO, FATOS TIPICOS QUE RESULTAM EM MORTE, PROJETO ACOLHIDA, ESTUPRO DE VULNERÁVEL - ART. 217-A, FATOS TIPICOS, PEDOFILIA, ESTUPRO",29/04/2016,23:00:00,MS,Ivinhema,5004700,CENTRO,ESTUPRO,False,False,False,2016,4
5081,1608/2016 - DEPAC-PIRATININGA-CG,"ROUBO QUALIFICADO, SE DA VIOLENCIA RESULTA MORTE, ESTUPRO DE VULNERAVEL, QUANDO PRATICADO COM ALGUEM QUE, POR ENFERMIDADE OU DEFICIENCIA MENTAL, NAO TEM O NECESSARIO DISCERNIMENTO PARA A PRATICA DO ATO, OU QUE, POR QUALQUER OUTRA CAUSA, NAO PODE OFERECER RESISTENCIA, CORROMPER OU FACILITAR A CORRUPCAO DE MENOR DE 18 (DEZOITO) ANOS, COM ELE PRATICANDO INFRACAO PENAL OU INDUZINDO-O A PRATICA-LA","FATOS TIPICOS, CRIMES VIOLENTOS LETAIS INTENCIONAIS, ROUBO, FATOS TIPICOS QUE RESULTAM EM MORTE, ESTUPRO, FATOS TIPICOS, ESTUPRO DE VULNERÁVEL - ART. 217-A, PEDOFILIA, CORRUPCAO DE MENOR, FATOS TIPICOS",06/02/2016,08:40:00,MS,Campo Grande,5002704,CONJUNTO AERO RANCHO,ESTUPRO,False,False,False,2016,2
